
CREATE TABLE Ontology
(
    short_name VARCHAR(255) PRIMARY KEY NOT NULL,
    full_name VARCHAR(255)
);

CREATE TABLE CellContext
(
    cell_context VARCHAR(255) PRIMARY KEY NOT NULL,
    description LONGTEXT
);

CREATE TABLE CellContextOntologyAsso
(
    cell_context VARCHAR(255) NOT NULL,
    ontology VARCHAR(255) NOT NULL,
    id VARCHAR(255) NOT NULL,
    url VARCHAR(255) NOT NULL,
    CONSTRAINT cellContextOntologyAsso_PK PRIMARY KEY ( cell_context, ontology ),
    FOREIGN KEY ( cell_context ) REFERENCES CellContext( cell_context ),
    FOREIGN KEY ( ontology ) REFERENCES Ontology( short_name )
);

INSERT INTO Ontology (short_name, full_name)
VALUES
("HCAO","Human Cell Atlas Ontology"),("CL","Cell Ontology"),("CLO","Cell Line Ontology"),("OBI","Ontology for Biomedical Investigations"),("NCIT","NCI Thesaurus OBO Edition"),("EFO","Experimental Factor Ontology"),("BAO","BioAssay Ontology"),("BTO","The BRENDA Tissue Ontology (BTO)"),("OMIT","Ontology for MIRNA Target"),("FMA","Foundational Model of Anatomy Ontology");

INSERT INTO CellContext (cell_context, description)
VALUES
("HCT116","Human colon carcinoma cell line; established from the primary colon carcinoma of an adult man."),("THP-1","A human cell line derived from peripheral blood monocytes. The patient was a 1-year-old male infant with acute monocytic leukemia."),("HEK293","Human embryonic kidney cells 293. Established from a human primary embryonal kidney transformed by adenovirus type 5."),("NCCIT","Human pluripotent embryonal carcinoma, teratocarcinoma cell line. Established in 1985 from a mediastinal mixed germ cell tumor of an adult Japanese male. This pluripotent stem cell line is capable of somatic and extraembryonic differentiation."),("HeLa","A HeLa is a cell line. A HeLa is all of the following: something that is bearer of a cervical carcinoma, something that derives from a Homo sapiens, something that derives from an epithelial cell, and something that derives from a cervix."),("HEK293T","A highly transformed human renal epithelial line expressing two viral oncogenes, adenovirus E1a and SV40 large T antigen"),("Brain","Brain cell"),("HFF","Human foreskin fibroblasts. An immortal foreskin-derived fibroblast cell line cell that derives from human."),("MDA-MB-231","Human caucasian, breast adenocarcinoma cell line. Established from a 51-years-old caucasian female. Tissue: breast. Tumor: adenocarcinoma. Derived from: pleural effusion."),("BJ","Immortal human fibroblast cell line"),("MM1S","MM.1S is a B lymphoblast cell line derived in 1986. The parent cell line, MM.1, was established from peripheral blood of a multiple myeloma patient who had become resistant to steroid-based therapy."),("U2OS","Human osteosarcoma cell line"),("Jurkat","Human T cell leukemia. Established from the peripheral blood of a 14-year-old boy with acute lymphoblastic leukemia (ALL) at first relapse in 1976.
A Jurkat is a cell line. A Jurkat is all of the following: something that is bearer of a T cell acute lymphoblastic leukemia, something that derives from a homo sapiens, and something that derives from a T cell."),("RPE-1","Retinal pigment epithelium-1 cell line "),("Skeletal_muscle","A somatic cell located in skeletal muscle"),("hES","Human Embryonic Stem cell line "),("Neutrophil","Neutrophil"),("v6-5","Mouse embryonic stem cells from a 3.5 day old male mouse embryo"),("E14","Mouse embryonic stem cell line E14"),("NSC","Mouse neural stem cells"),("MEF","Mouse embryonic fibroblast cell line"),("Spleen_B_cell","Splenic B lymphocyte"),("3T3","Mouse fibroblast cell line"),("B_cell","B lymphocyte"),("Liver","Liver cell"),("BMDC","Bone marrow-derived dendritic cell"),("Skin_tumor","Skin papilloma"),("Testis","Testis cell"),("C2C12","This is a subclone of the mouse myoblast cell line"),("R1E","Mouse embryonic stem cell line"),("HAP1","HAP1 is a near-haploid human cell line that was derived from the male chronic myelogenous leukemia (CML) cell line KBM-7. HAP1 cells are adherent with fibroblast-like morphology."),("Blood","Blood cell"),("Monocyte","Monocyte"),("LCL","Human B-lymphoblastoid cell line transformed by Epstein-Barr (EBV-LCLs) Virus"),("MCF7","Human breast adenocarcinoma. Established from the pleural effusion of a 69-year-old caucasian woman with metastatic mammary carcinoma (after radio- and hormone therapy) in 1970. Cells were described of being positive for cytoplasmic estrogen receptors and having the capability to form domes."),("MCF10A","Human mammary epithelial cell line. Established from the breast tissue of a 36-year-old patient with fibrocystic changes."),("Flp-In_T-REx-293","T-REx cell derivative with targeted integration of a Flp-In expression vector"),("Brain_tumor","Brain cancer cell"),("MESC","Mouse embryonic stem cell"),("Glioma","Gliomal cell"),("Breast","Breast cell"),("loayza_puch_2016","Unknown cell type (data from sORFs.org)"),("guo_2014","Unknown cell type (data from sORFs.org)");

INSERT INTO CellContextOntologyAsso (cell_context, ontology, id, url )
VALUES
("HCT116","EFO","EFO:0002824","http://www.ebi.ac.uk/efo/EFO_0002824"),("HCT116","BAO","CLO:0003665","http://purl.obolibrary.org/obo/CLO_0003665"),("HCT116","BTO","BTO:0001109","http://purl.obolibrary.org/obo/BTO_0001109"),("HCT116","OMIT","OMIT:0023581","http://purl.obolibrary.org/obo/OMIT_0023581"),("THP-1","EFO","EFO:0001253","http://www.ebi.ac.uk/efo/EFO_0001253"),("THP-1","BAO","CLO:0009348","http://purl.obolibrary.org/obo/CLO_0009348"),("THP-1","BTO","BTO:0001370","http://purl.obolibrary.org/obo/BTO_0001370"),("HEK293","CLO","CLO:0001230","http://purl.obolibrary.org/obo/CLO_0001230"),("HEK293","EFO","EFO:0001182","http://www.ebi.ac.uk/efo/EFO_0001182"),("HEK293","BTO","BTO:0000007","http://purl.obolibrary.org/obo/BTO_0000007"),("HEK293","OMIT","OMIT:0027010","http://purl.obolibrary.org/obo/OMIT_0027010"),("NCCIT","CLO","CLO:0007955","http://purl.obolibrary.org/obo/CLO_0007955"),("NCCIT","BTO","BTO:0004180","http://purl.obolibrary.org/obo/BTO_0004180"),("HeLa","NCIT","NCIT:C20226","http://purl.obolibrary.org/obo/NCIT_C20226"),("HeLa","EFO","EFO:0001185","http://www.ebi.ac.uk/efo/EFO_0001185"),("HeLa","BAO","CLO:0003684","http://purl.obolibrary.org/obo/CLO_0003684"),("HeLa","BTO","BTO:0000567","http://purl.obolibrary.org/obo/BTO_0000567"),("HeLa","OMIT","OMIT:0007538","http://purl.obolibrary.org/obo/OMIT_0007538"),("HEK293T","EFO","EFO:0001184","http://www.ebi.ac.uk/efo/EFO_0001184"),("HEK293T","BTO","BTO:0002181","http://purl.obolibrary.org/obo/BTO_0002181"),("Brain","HCAO","UBERON:0000955","http://purl.obolibrary.org/obo/UBERON_0000955"),("Brain","CL","UBERON:0000955","http://purl.obolibrary.org/obo/UBERON_0000955"),("Brain","CLO","UBERON:0000955","http://purl.obolibrary.org/obo/UBERON_0000955"),("Brain","OBI","UBERON:0000955","http://purl.obolibrary.org/obo/UBERON_0000955"),("Brain","NCIT","NCIT:C12439","http://purl.obolibrary.org/obo/NCIT_C12439"),("Brain","EFO","UBERON:0000955","http://purl.obolibrary.org/obo/UBERON_0000955"),("Brain","BAO","UBERON:0000955","http://purl.obolibrary.org/obo/UBERON_0000955"),("Brain","BTO","BTO:0000142","http://purl.obolibrary.org/obo/BTO_0000142"),("Brain","OMIT","OMIT:0003277","http://purl.obolibrary.org/obo/OMIT_0003277"),("Brain","FMA","FMA:50801","http://purl.obolibrary.org/obo/FMA_50801"),("HFF","CL","CL:1001608","http://purl.obolibrary.org/obo/CL_1001608"),("HFF","CLO","CLO:0000556","http://purl.obolibrary.org/obo/CLO_0000556"),("HFF","BTO","BTO:0002245","http://purl.obolibrary.org/obo/BTO_0002245"),("MDA-MB-231","EFO","EFO:0001209","http://www.ebi.ac.uk/efo/EFO_0001209"),("MDA-MB-231","BAO","CLO:0007634","http://purl.obolibrary.org/obo/CLO_0007634"),("MDA-MB-231","BTO","BTO:0000815","http://purl.obolibrary.org/obo/BTO_0000815"),("BJ","CLO","CLO:0001980","http://purl.obolibrary.org/obo/CLO_0001980"),("BJ","EFO","EFO:0002779","http://www.ebi.ac.uk/efo/EFO_0002779"),("BJ","BAO","BAO:0002670","http://www.bioassayontology.org/bao#BAO_0002670"),("BJ","BTO","BTO:0003807","http://purl.obolibrary.org/obo/BTO_0003807"),("MM1S","CLO","CLO:0037203","http://purl.obolibrary.org/obo/CLO_0037203"),("MM1S","EFO","EFO:0005724","http://www.ebi.ac.uk/efo/EFO_0005724"),("U2OS","EFO","EFO:0002869","http://www.ebi.ac.uk/efo/EFO_0002869"),("U2OS","BAO","CLO:0009454","http://purl.obolibrary.org/obo/CLO_0009454"),("U2OS","BTO","BTO:0001938","http://purl.obolibrary.org/obo/BTO_0001938"),("Jurkat","CLO","BTO:0000661","http://purl.obolibrary.org/obo/BTO_0000661"),("Jurkat","OBI","OBI:1110035","http://purl.obolibrary.org/obo/OBI_1110035"),("Jurkat","EFO","EFO:0002796","http://www.ebi.ac.uk/efo/EFO_0002796"),("Jurkat","BAO","CLO:0007043","http://purl.obolibrary.org/obo/CLO_0007043"),("Jurkat","BTO","BTO:0000661","http://purl.obolibrary.org/obo/BTO_0000661"),("Jurkat","OMIT","OMIT:0019249","http://purl.obolibrary.org/obo/OMIT_0019249"),("RPE-1","CL","CL:0002586","http://purl.obolibrary.org/obo/CL_0002586"),("RPE-1","CLO","BTO:0002334","http://purl.obolibrary.org/obo/BTO_0002334"),("RPE-1","NCIT","NCIT:C33470","http://purl.obolibrary.org/obo/NCIT_C33470"),("Skeletal_muscle","CL","CL:0000188","http://purl.obolibrary.org/obo/CL_0000188"),("Skeletal_muscle","NCIT","NCIT:C48687","http://purl.obolibrary.org/obo/NCIT_C48687"),("Skeletal_muscle","BTO","BTO:0004392","http://purl.obolibrary.org/obo/BTO_0004392"),("hES","CLO","CLO:0037280","http://purl.obolibrary.org/obo/CLO_0037280"),("hES","BTO","BTO:0001581","http://purl.obolibrary.org/obo/BTO_0001581"),("hES","OMIT","OMIT:0001087","http://purl.obolibrary.org/obo/OMIT_0001087"),("Neutrophil","CL","CL:0000775","http://purl.obolibrary.org/obo/CL_0000775"),("Neutrophil","NCIT","NCIT:C12533","http://purl.obolibrary.org/obo/NCIT_C12533"),("Neutrophil","BTO","BTO:0000130","http://purl.obolibrary.org/obo/BTO_0000130"),("v6-5","EFO","EFO:0006308","http://www.ebi.ac.uk/efo/EFO_0006308"),("E14","EFO","EFO:0007075","http://www.ebi.ac.uk/efo/EFO_0007075"),("E14","BTO","BTO:0005136","http://purl.obolibrary.org/obo/BTO_0005136"),("NSC","CL","CL:0000047","http://purl.obolibrary.org/obo/CL_0000047"),("NSC","CLO","CLO:0000051","http://purl.obolibrary.org/obo/CLO_0000051"),("MEF","CL","CL:2000042","http://purl.obolibrary.org/obo/CL_2000042"),("MEF","NCIT","NCIT:C24196","http://purl.obolibrary.org/obo/NCIT_C24196"),("MEF","EFO","EFO:0004040","http://www.ebi.ac.uk/efo/EFO_0004040"),("MEF","BTO","BTO:0002572","http://purl.obolibrary.org/obo/BTO_0002572"),("Spleen_B_cell","CL","CL:0000236","http://purl.obolibrary.org/obo/CL_0000236"),("Spleen_B_cell","NCIT","NCIT:C12474","http://purl.obolibrary.org/obo/NCIT_C12474"),("Spleen_B_cell","BTO","BTO:0000776","http://purl.obolibrary.org/obo/BTO_0000776"),("Spleen_B_cell","OMIT","OMIT:0016721","http://purl.obolibrary.org/obo/OMIT_0016721"),("3T3","CLO","CLO:0001345","http://purl.obolibrary.org/obo/CLO_0001345"),("3T3","OMIT","OMIT:0016968","http://purl.obolibrary.org/obo/OMIT_0016968"),("B_cell","HCAO","CL:0000236","http://purl.obolibrary.org/obo/CL_0000236"),("B_cell","CL","CL:0000236","http://purl.obolibrary.org/obo/CL_0000236"),("B_cell","NCIT","NCIT:C12474","http://purl.obolibrary.org/obo/NCIT_C12474"),("B_cell","BTO","BTO:0000776","http://purl.obolibrary.org/obo/BTO_0000776"),("B_cell","OMIT","OMIT:0002778","http://purl.obolibrary.org/obo/OMIT_0002778"),("Liver","HCAO","UBERON:0002107","http://purl.obolibrary.org/obo/UBERON_0002107"),("Liver","CLO","EFO:0000887","http://www.ebi.ac.uk/efo/EFO_0000887"),("Liver","OBI","UBERON:0002107","http://purl.obolibrary.org/obo/UBERON_0002107"),("Liver","NCIT","NCIT:C12392","http://purl.obolibrary.org/obo/NCIT_C12392"),("Liver","EFO","UBERON:0002107","http://purl.obolibrary.org/obo/UBERON_0002107"),("Liver","BAO","UBERON:0002107","http://purl.obolibrary.org/obo/UBERON_0002107"),("Liver","BTO","BTO:0000759","http://purl.obolibrary.org/obo/BTO_0000759"),("Liver","OMIT","OMIT:0009182","http://purl.obolibrary.org/obo/OMIT_0009182"),("Liver","FMA","FMA:63179","http://purl.obolibrary.org/obo/FMA_63179"),("BMDC","NCIT","NCIT:C156591","http://purl.obolibrary.org/obo/NCIT_C156591"),("BMDC","BTO","BTO:0003857","http://purl.obolibrary.org/obo/BTO_0003857"),("Skin_tumor","BAO","DOID:3178","http://purl.obolibrary.org/obo/DOID_3178"),("Testis","HCAO","UBERON:0000473","http://purl.obolibrary.org/obo/UBERON_0000473"),("Testis","CL","UBERON:0000473","http://purl.obolibrary.org/obo/UBERON_0000473"),("Testis","CLO","UBERON:0000473","http://purl.obolibrary.org/obo/UBERON_0000473"),("Testis","OBI","UBERON:0000473","http://purl.obolibrary.org/obo/UBERON_0000473"),("Testis","NCIT","NCIT:C12412","http://purl.obolibrary.org/obo/NCIT_C12412"),("Testis","EFO","EFO:0000984","http://www.ebi.ac.uk/efo/EFO_0000984"),("Testis","BAO","UBERON:0000473","http://purl.obolibrary.org/obo/UBERON_0000473"),("Testis","BTO","BTO:0001363","http://purl.obolibrary.org/obo/BTO_0001363"),("Testis","OMIT","OMIT:0014592","http://purl.obolibrary.org/obo/OMIT_0014592"),("Testis","FMA","FMA:7210","http://purl.obolibrary.org/obo/FMA_7210"),("C2C12","EFO","EFO:0001098","http://www.ebi.ac.uk/efo/EFO_0001098"),("C2C12","BAO","BAO:0002708","http://www.bioassayontology.org/bao#BAO_0002708"),("C2C12","BTO","BTO:0000165","http://purl.obolibrary.org/obo/BTO_0000165"),("R1E","CLO","CLO:0008700","http://purl.obolibrary.org/obo/CLO_0008700"),("R1E","EFO","EFO:0002076","http://www.ebi.ac.uk/efo/EFO_0002076"),("R1E","BTO","BTO:0004500","http://purl.obolibrary.org/obo/BTO_0004500"),("HAP1","EFO","EFO:0007598","http://www.ebi.ac.uk/efo/EFO_0007598"),("HAP1","OMIT","OMIT:0037111","http://purl.obolibrary.org/obo/OMIT_0037111"),("Blood","HCAO","CL:0000081","http://purl.obolibrary.org/obo/CL_0000081"),("Blood","CL","CL:0000081","http://purl.obolibrary.org/obo/CL_0000081"),("Blood","CLO","EFO:0000296","http://www.ebi.ac.uk/efo/EFO_0000296"),("Blood","OBI","UBERON:0000178","http://purl.obolibrary.org/obo/UBERON_0000178"),("Blood","EFO","CL:0000081","http://purl.obolibrary.org/obo/CL_0000081"),("Blood","BAO","UBERON:0000178","http://purl.obolibrary.org/obo/UBERON_0000178"),("Blood","BTO","BTO:0000089","http://purl.obolibrary.org/obo/BTO_0000089"),("Blood","OMIT","OMIT:0003133","http://purl.obolibrary.org/obo/OMIT_0003133"),("Blood","FMA","FMA:62844","http://purl.obolibrary.org/obo/FMA_62844"),("Monocyte","HCAO","CL:0000576","http://purl.obolibrary.org/obo/CL_0000576"),("Monocyte","CL","CL:0000576","http://purl.obolibrary.org/obo/CL_0000576"),("Monocyte","CLO","CL:0000576","http://purl.obolibrary.org/obo/CL_0000576"),("Monocyte","NCIT","NCIT:C12547","http://purl.obolibrary.org/obo/NCIT_C12547"),("Monocyte","EFO","CL:0000576","http://purl.obolibrary.org/obo/CL_0000576"),("Monocyte","BTO","BTO:0000876","http://purl.obolibrary.org/obo/BTO_0000876"),("Monocyte","FMA","FMA:62864","http://purl.obolibrary.org/obo/FMA_62864"),("LCL","EFO","EFO:0005292","http://www.ebi.ac.uk/efo/EFO_0005292"),("LCL","BTO","BTO:0003335","http://purl.obolibrary.org/obo/BTO_0003335"),("MCF7","NCIT","NCIT:C18096","http://purl.obolibrary.org/obo/NCIT_C18096"),("MCF7","EFO","EFO:0001203","http://www.ebi.ac.uk/efo/EFO_0001203"),("MCF7","BAO","CLO:0007606","http://purl.obolibrary.org/obo/CLO_0007606"),("MCF7","BTO","BTO:0000093","http://purl.obolibrary.org/obo/BTO_0000093"),("MCF7","OMIT","OMIT:0028025","http://purl.obolibrary.org/obo/OMIT_0028025"),("MCF10A","CLO","CLO:0007599","http://purl.obolibrary.org/obo/CLO_0007599"),("MCF10A","EFO","EFO:0001200","http://www.ebi.ac.uk/efo/EFO_0001200"),("MCF10A","BTO","BTO:0001939","http://purl.obolibrary.org/obo/BTO_0001939"),("Flp-In_T-REx-293","CLO","CLO:0037238","http://purl.obolibrary.org/obo/CLO_0037238"),("Flp-In_T-REx-293","BTO","BTO:0006149","http://purl.obolibrary.org/obo/BTO_0006149"),("Brain_tumor","CLO","DOID:1319","http://purl.obolibrary.org/obo/DOID_1319"),("Brain_tumor","NCIT","NCIT:C2907","http://purl.obolibrary.org/obo/NCIT_C2907"),("Brain_tumor","EFO","MONDO:0001657","http://purl.obolibrary.org/obo/MONDO_0001657"),("Brain_tumor","BAO","DOID:1319","http://purl.obolibrary.org/obo/DOID_1319"),("Brain_tumor","BTO","BTO:0001573","http://purl.obolibrary.org/obo/BTO_0001573"),("Brain_tumor","OMIT","OMIT:0003288","http://purl.obolibrary.org/obo/OMIT_0003288"),("MESC","CL","CL:0002322","http://purl.obolibrary.org/obo/CL_0002322"),("MESC","CLO","CLO:0037317","http://purl.obolibrary.org/obo/CLO_0037317"),("MESC","NCIT","NCIT:C12935","http://purl.obolibrary.org/obo/NCIT_C12935"),("MESC","EFO","EFO:0004038","http://www.ebi.ac.uk/efo/EFO_0004038"),("MESC","BTO","BTO:0001581","http://purl.obolibrary.org/obo/BTO_0001581"),("MESC","OMIT","OMIT:0001088","http://purl.obolibrary.org/obo/OMIT_0001088"),("MESC","FMA","FMA:82841","http://purl.obolibrary.org/obo/FMA_82841"),("Glioma","CLO","EFO:0000520","http://www.ebi.ac.uk/efo/EFO_0000520"),("Glioma","NCIT","NCIT:C3059","http://purl.obolibrary.org/obo/NCIT_C3059"),("Glioma","EFO","EFO:0005543","http://www.ebi.ac.uk/efo/EFO_0005543"),("Glioma","BAO","DOID:0060108","http://purl.obolibrary.org/obo/DOID_0060108"),("Glioma","BTO","BTO:0000526","http://purl.obolibrary.org/obo/BTO_0000526"),("Glioma","OMIT","OMIT:0007103","http://purl.obolibrary.org/obo/OMIT_0007103"),("Breast","HCAO","UBERON:0000310","http://purl.obolibrary.org/obo/UBERON_0000310"),("Breast","CL","UBERON:0000310","http://purl.obolibrary.org/obo/UBERON_0000310"),("Breast","CLO","UBERON:0000310","http://purl.obolibrary.org/obo/UBERON_0000310"),("Breast","OBI","UBERON:0000310","http://purl.obolibrary.org/obo/UBERON_0000310"),("Breast","NCIT","NCIT:C12971","http://purl.obolibrary.org/obo/NCIT_C12971"),("Breast","EFO","UBERON:0000310","http://purl.obolibrary.org/obo/UBERON_0000310"),("Breast","BAO","UBERON:0000310","http://purl.obolibrary.org/obo/UBERON_0000310"),("Breast","BTO","BTO:0000149","http://purl.obolibrary.org/obo/BTO_0000149"),("Breast","OMIT","OMIT:0003296","http://purl.obolibrary.org/obo/OMIT_0003296"),("Breast","FMA","FMA:19898","http://purl.obolibrary.org/obo/FMA_19898");
